{
  "n_quant_group": 3,
  "key": {
    "upper_threshold": [
      [
        2.013761912677305,
        0.048082716921542555,
        0.0014739294424124644
      ],
      [
        2.30396719858156,
        0.09492308704565602,
        0.01829609972365359
      ],
      [
        3.151526484929078,
        0.07593812333776596,
        -0.014747457301363032
      ],
      [
        4.221991356382978,
        0.08884467808067376,
        -0.011740420727019614
      ],
      [
        6.557790336879433,
        0.12283173689605496,
        0.020549693006150265
      ],
      [
        8.742741578014185,
        0.1191077266179078,
        0.004681987965360601
      ],
      [
        8.949301861702128,
        0.18585940962987588,
        0.0036752807333114298
      ],
      [
        8.34485815602837,
        0.19054396609042554,
        -0.007828264371723148
      ],
      [
        8.156028368794326,
        0.17499515181737588,
        -0.028055339840287012
      ],
      [
        7.529033687943262,
        0.19384419326241134,
        -0.013388254963759835
      ],
      [
        6.6310671542553195,
        0.18698055186170212,
        -0.0024902533132133754
      ],
      [
        6.094498005319149,
        0.1522684300199468,
        -0.01747819717894209
      ],
      [
        6.261303191489362,
        0.17880184092420212,
        -0.003972792033608078
      ],
      [
        6.283937278368795,
        0.1874696988585993,
        -0.0011117695071173053
      ],
      [
        5.685893173758865,
        0.1321151408743351,
        -0.030994983429604387
      ],
      [
        4.731466090425532,
        0.09566849512411348,
        -0.04035311218694592
      ],
      [
        4.849318484042553,
        0.12228458485704788,
        -0.02192141485552416
      ],
      [
        4.462572030141844,
        0.14139378324468085,
        0.006772692321885562
      ],
      [
        3.951989140070922,
        0.12760243517287234,
        0.003184854138827493
      ],
      [
        3.9738198138297873,
        0.11702993406471632,
        -0.01645289752500277
      ],
      [
        3.972268395390071,
        0.1223988634474734,
        -0.010107715079124937
      ],
      [
        4.056723736702128,
        0.19436364140070922,
        0.041215287878158244
      ],
      [
        5.490830008865248,
        0.5484385388962766,
        0.15021357975953015
      ],
      [
        14.97512189716312,
        3.7553052969858154,
        -4.508089539007092
      ]
    ],
    "lower_threshold": [
      [
        -1.935117464539007,
        -0.0451426404587766,
        0.0014735371508496874
      ],
      [
        -2.3166971409574466,
        -0.058297231687721635,
        0.018295829177748225
      ],
      [
        -3.2615940824468086,
        -0.10511768963320035,
        -0.014748106611535904
      ],
      [
        -4.202654033687943,
        -0.11268994486923758,
        -0.01174112414637356
      ],
      [
        -6.576933732269503,
        -0.08118931114250887,
        0.020548881368434177
      ],
      [
        -7.788037455673759,
        -0.10909060214428191,
        0.0046812287459136745
      ],
      [
        -9.384751773049645,
        -0.18039308372118795,
        0.003673908981025642
      ],
      [
        -8.573747783687944,
        -0.20606247922207446,
        -0.007829809865207538
      ],
      [
        -7.868822030141844,
        -0.2313414228723404,
        -0.028057233661624558
      ],
      [
        -7.532247340425532,
        -0.21979668799867022,
        -0.01338993234837309
      ],
      [
        -6.632867907801418,
        -0.1922139918550532,
        -0.0024916440882581346
      ],
      [
        -6.10690935283688,
        -0.18728096603501773,
        -0.017480069018424825
      ],
      [
        -6.225011081560283,
        -0.18715283549423758,
        -0.003974223813266619
      ],
      [
        -6.181986923758865,
        -0.19007040253767732,
        -0.0011131695821775612
      ],
      [
        -5.53587655141844,
        -0.19393596243351063,
        -0.030995740958139405
      ],
      [
        -4.763685726950355,
        -0.17655955646054963,
        -0.04035376149711879
      ],
      [
        -5.020168439716312,
        -0.1664779338430851,
        -0.021922388820783466
      ],
      [
        -4.431986923758865,
        -0.12775783674091312,
        0.006771706942970871
      ],
      [
        -3.9540669326241136,
        -0.12121928330008866,
        0.003183934705477234
      ],
      [
        -4.009169991134752,
        -0.14980278285682624,
        -0.016454114981576905
      ],
      [
        -3.9065131870567376,
        -0.14247639973958334,
        -0.010108978190320604
      ],
      [
        -4.002687278368795,
        -0.11230425462655141,
        0.04121431391289894
      ],
      [
        -5.563525044326241,
        -0.25805577487810283,
        0.1502096838984929
      ],
      [
        -14.94032579787234,
        -6.734624335106383,
        -4.508117242907802
      ]
    ]
  },
  "value": {
    "upper_threshold": [
      [
        0.4994338015292553,
        0.013643251243212544,
        -0.0002783689093082509
      ],
      [
        0.31001703789893614,
        0.0067181147582142066,
        0.0001521059807310713
      ],
      [
        0.4466474817154255,
        0.008952364008477393,
        -7.129095970316136e-05
      ],
      [
        0.5630713929521277,
        0.013387693581006206,
        0.0008656496697283805
      ],
      [
        0.6362893395390071,
        0.015687604322501107,
        0.0005968208854080092
      ],
      [
        0.7296930407801419,
        0.017277602608322253,
        -0.00019694431453731888
      ],
      [
        0.7837260361258865,
        0.01853683147024601,
        -0.001280672584019654
      ],
      [
        0.836675116356383,
        0.02201096555019947,
        0.00014805582398218467
      ],
      [
        0.8740823082890071,
        0.021954042691710994,
        -0.0016976421606456134
      ],
      [
        0.9116522606382979,
        0.024283659373614805,
        -0.0010954868708941954
      ],
      [
        1.0215259308510638,
        0.032269633408133866,
        0.002517612267893257
      ],
      [
        1.1444273603723405,
        0.03320831948138298,
        -0.0007463313163594997
      ],
      [
        1.2079524046985815,
        0.03555124702183067,
        -0.00022614424955760332
      ],
      [
        1.3013838098404256,
        0.04042237193871897,
        0.0010018010511465953
      ],
      [
        1.4279421542553192,
        0.04779593826185727,
        0.0027284165646167514
      ],
      [
        1.705327460106383,
        0.04817037379488032,
        -0.005324702736333752
      ],
      [
        1.7497160350177305,
        0.0538306270085328,
        -0.0012230475743611653
      ],
      [
        1.8443110039893618,
        0.05941815748282358,
        0.0016356283891285565
      ],
      [
        1.9839248116134751,
        0.06485937673149379,
        0.0019618961827974793
      ],
      [
        2.225315824468085,
        0.07911411583000887,
        0.008776279205971576
      ],
      [
        2.2851423980496453,
        0.06360599166112589,
        -0.009166567038137017
      ],
      [
        2.449897495567376,
        0.08256974457003546,
        0.004119460464369321
      ],
      [
        2.668702903368794,
        0.08949571974734043,
        0.002521279010366886
      ],
      [
        2.1144586657801416,
        0.0665941170766844,
        -3.6244696759163067e-06
      ]
    ],