{
  "n_quant_group": 3,
  "key": {
    "upper_threshold": [
      [
        1.0436717364804964,
        0.01563365746897163,
        -0.004305251101230053
      ],
      [
        6.774324024822695,
        0.13695986051085993,
        0.029558330562943262
      ],
      [
        6.260887632978723,
        0.16196479526817376,
        0.04934519233433067
      ],
      [
        5.8515902039007095,
        0.13511884973404256,
        0.030678282392785906
      ],
      [
        6.188109485815603,
        0.07122737803357712,
        -0.02346114571212877
      ],
      [
        6.075520833333333,
        0.10318664117907801,
        0.0202143243018617
      ],
      [
        6.980939716312057,
        0.09734977559840426,
        -0.02069973776526485
      ],
      [
        6.5451296542553195,
        0.11008101659463652,
        -0.009742908866692943
      ],
      [
        6.384391622340425,
        0.13278999058067376,
        -0.00010521192077203846
      ],
      [
        6.129321808510638,
        0.08423024711879433,
        -0.015667313379598848
      ],
      [
        4.599124556737588,
        0.10033530377327128,
        0.012421252879690616
      ],
      [
        4.45417774822695,
        0.1305754100177305,
        0.04915137324772828
      ],
      [
        3.994029809397163,
        0.10490082003546099,
        0.026623286254017067
      ],
      [
        4.203679078014185,
        0.09174449731272163,
        0.00917476035178976
      ],
      [
        3.744251440602837,
        0.047930561904366134,
        -0.02555208679632092
      ],
      [
        3.8565214982269502,
        0.0914774143949468,
        0.01591401404522835
      ],
      [
        3.757923315602837,
        0.05038733516179078,
        -0.02377178652066711
      ],
      [
        3.841686059397163,
        0.054536210729720744,
        -0.020840034417226806
      ],
      [
        3.898188164893617,
        0.06846131669714096,
        -0.007464194128699336
      ],
      [
        4.411984707446808,
        0.11618583083998227,
        0.032531537485460865
      ],
      [
        5.3966367464539005,
        0.09666583554964539,
        -0.01729676402206962
      ],
      [
        5.406804078014185,
        0.1493789997506649,
        0.042199858536957006
      ],
      [
        5.384668661347518,
        0.16850551307624115,
        0.019428314046656833
      ],
      [
        4.110372340425532,
        0.12670985012189717,
        0.037856947445700354
      ]
    ],
    "lower_threshold": [
      [
        -1.0265195589539007,
        -0.024261149954288564,
        -0.004305535174430685
      ],
      [
        -6.780945257092198,
        -0.07827953582114362,
        0.029555625103889628
      ],
      [
        -6.2751828457446805,
        -0.06338944671847296,
        0.049340755381482714
      ],
      [
        -5.995622783687943,
        -0.07382375297816933,
        0.030676875554078015
      ],
      [
        -6.251025044326241,
        -0.11816059951241134,
        -0.023463147751828457
      ],
      [
        -6.180851063829787,
        -0.06292313379598848,
        0.020212836299382204
      ],
      [
        -7.2139849290780145,
        -0.1388246793273493,
        -0.02070233500595634
      ],
      [
        -6.713957225177305,
        -0.1295049139793883,
        -0.00974600112184565
      ],
      [
        -6.2989804964539005,
        -0.1329605427194149,
        -0.00010842253975834407
      ],
      [
        -6.443013076241135,
        -0.11557764364472518,
        -0.015668882545849954
      ],
      [
        -4.5838320035460995,
        -0.07545763380984043,
        0.012418682693589663
      ],
      [
        -4.426556959219858,
        -0.03221850023202017,
        0.04914888422539894
      ],
      [
        -4.070603390957447,
        -0.05172794423204787,
        0.026620797231687723
      ],
      [
        -4.110593971631205,
        -0.07341663549977837,
        0.009173371690384884
      ],
      [
        -3.707349844858156,
        -0.09895746758643617,
        -0.02555365596257203
      ],
      [
        -3.744389960106383,
        -0.05966294741799645,
        0.01591257169737038
      ],
      [
        -3.8538896276595747,
        -0.09789649476396277,
        -0.023773680342004656
      ],
      [
        -3.9114998891843973,
        -0.09628490691489362,
        -0.020841847920248693
      ],
      [
        -3.90111092641844,
        -0.0835242305241578,
        -0.00746568001753895
      ],
      [
        -4.285654920212766,
        -0.0510818806100399,
        0.03252938580005727
      ],
      [
        -5.354305186170213,
        -0.13089573636968085,
        -0.017298989262141233
      ],
      [
        -5.222905585106383,
        -0.0650613121952571,
        0.04219682842281693
      ],
      [
        -5.352227393617022,
        -0.12971745484264185,
        0.01942471240429168
      ],
      [
        -4.0966173537234045,
        -0.0508916327293883,
        0.03785456664173316
      ]
    ]
  },
  "value": {
    "upper_threshold": [
      [
        0.05872209697750443,
        0.001128284643727837,
        0.0002735515012808725
      ],
      [
        1.5728681848404256,
        0.020819481382978722,
        6.138475228708687e-05
      ],
      [
        1.7130776263297873,
        0.021290664131759753,
        -0.002493036554214802
      ],
      [
        1.7415987921099292,
        0.028197268222240692,
        0.002328397111689791
      ],
      [
        1.765784297429078,
        0.030855652288342198,
        0.0028784651282831287
      ],
      [
        1.8126177415780143,
        0.034294831837322695,
        0.0030478289786805496
      ],
      [
        1.6492478390957446,
        0.0267322080355164,
        -0.001128534475962321
      ],
      [
        1.6080175088652482,
        0.03263790049451463,
        0.004234220119232827
      ],
      [
        1.5718708444148937,
        0.026346409574468085,
        -0.002244380771691072
      ],
      [
        1.7429008754432624,
        0.0344731756981383,
        0.0028769597939565673
      ],
      [
        1.9510887632978724,
        0.03477661998559397,
        -0.00020447605890585175
      ],
      [
        1.8825977947695036,
        0.044728597005208336,
        0.00777324378913176
      ],
      [
        2.123365469858156,
        0.04230493856660018,
        0.0011175422803729985
      ],
      [
        2.0094124002659575,
        0.045799525916999116,
        0.007373390045571834
      ],
      [
        2.1256094858156027,
        0.044379917442375884,
        0.0034791002882287856
      ],
      [
        2.054161125886525,
        0.037624061530363476,
        -0.001283819371081413
      ],
      [
        2.0541680518617023,
        0.031459510749113476,
        -0.007979030304766715
      ],
      [
        2.075146830673759,
        0.041508018547761524,
        0.0025244524292912045
      ],
      [
        2.0139766179078014,
        0.03378685484541223,
        -0.005175161868967908
      ],
      [
        1.8986452792553192,
        0.0269000547152039,
        -0.009042317140186933
      ],
      [
        1.8063358820921986,
        0.03863449637771498,
        0.006178311845089527
      ],
      [
        1.814702460106383,
        0.04330758169187721,
        0.010029644830852535
      ],
      [
        1.643305352393617,
        0.038309300199468085,
        0.007177682210367622
      ],
      [
        1.8051792442375887,
        0.03236172723431959,
        -0.0017763321281324888
      ]
    ],