{
  "n_quant_group": 3,
  "key": {
    "upper_threshold": [
      [
        0.7236605164007093,
        0.035770713860261524,
        -0.004305251101230053
      ],
      [
        5.0303911790780145,
        0.24389475288120568,
        0.029558330562943262
      ],
      [
        4.472767065602837,
        0.2749473625886525,
        0.04934519233433067
      ],
      [
        4.097600842198582,
        0.23985777509973405,
        0.030678282392785906
      ],
      [
        4.12608045212766,
        0.16631517342641844,
        -0.02346114571212877
      ],
      [
        4.1588264627659575,
        0.18644032579787234,
        0.0202143243018617
      ],
      [
        5.329731826241135,
        0.21606272163120568,
        -0.02069973776526485
      ],
      [
        4.98578789893617,
        0.23065228834219859,
        -0.009742908866692943
      ],
      [
        4.8768007535460995,
        0.26651845079787234,
        -0.00010521192077203846
      ],
      [
        4.317985372340425,
        0.18444477919991134,
        -0.015667313379598848
      ],
      [
        3.36400155141844,
        0.18851292386968085,
        0.012421252879690616
      ],
      [
        3.2011580230496453,
        0.2123296210106383,
        0.04915137324772828
      ],
      [
        2.927415780141844,
        0.18339029947916666,
        0.026623286254017067
      ],
      [
        3.0599512411347516,
        0.1744358793218085,
        0.00917476035178976
      ],
      [
        2.7135139627659575,
        0.12158852435172872,
        -0.02555208679632092
      ],
      [
        2.815699800531915,
        0.16737138464095744,
        0.01591401404522835
      ],
      [
        2.7007563164893615,
        0.12470824329565602,
        -0.02377178652066711
      ],
      [
        2.774074689716312,
        0.13007847129875885,
        -0.020840034417226806
      ],
      [
        2.8177083333333335,
        0.1445663127493351,
        -0.007464194128699336
      ],
      [
        3.2355385638297873,
        0.20002043162677305,
        0.032531537485460865
      ],
      [
        4.087599734042553,
        0.21114527925531915,
        -0.01729676402206962
      ],
      [
        4.053620899822695,
        0.2569372298869681,
        0.042199858536957006
      ],
      [
        4.251717641843972,
        0.3176200271498227,
        0.019428314046656833
      ],
      [
        3.1115497562056738,
        0.21576663619237588,
        0.037856947445700354
      ]
    ],
    "lower_threshold": [
      [
        -0.7256240303634752,
        -0.04428879758144947,
        -0.004305535174430685
      ],
      [
        -5.07563164893617,
        -0.18615809230939717,
        0.029555625103889628
      ],
      [
        -4.51171875,
        -0.17665522149268617,
        0.049340755381482714
      ],
      [
        -4.1810172872340425,
        -0.17898711076019502,
        0.030676875554078015
      ],
      [
        -4.268256870567376,
        -0.21307329759530141,
        -0.023463147751828457
      ],
      [
        -4.180823359929078,
        -0.14643329593306736,
        0.020212836299382204
      ],
      [
        -5.529421542553192,
        -0.25778566184618795,
        -0.02070233500595634
      ],
      [
        -5.122451241134752,
        -0.2498476285460993,
        -0.00974600112184565
      ],
      [
        -4.860316932624113,
        -0.26627344442597517,
        -0.00010842253975834407
      ],
      [
        -4.493406471631205,
        -0.21602722600842197,
        -0.015668882545849954
      ],
      [
        -3.3120290336879434,
        -0.16365992769281915,
        0.012418682693589663
      ],
      [
        -3.1666805186170213,
        -0.11391843971631206,
        0.04914888422539894
      ],
      [
        -2.9525293661347516,
        -0.13043126315935283,
        0.026620797231687723
      ],
      [
        -3.024864250886525,
        -0.15619545794547873,
        0.009173371690384884
      ],
      [
        -2.7076130319148937,
        -0.17252690741356383,
        -0.02555365596257203
      ],
      [
        -2.738613696808511,
        -0.1354530280363475,
        0.01591257169737038
      ],
      [
        -2.7982047872340425,
        -0.17236414699689717,
        -0.023773680342004656
      ],
      [
        -2.8472822473404253,
        -0.17189058344414893,
        -0.020841847920248693
      ],
      [
        -2.859347296099291,
        -0.15988267398049646,
        -0.00746568001753895
      ],
      [
        -3.1294880319148937,
        -0.13510196766954788,
        0.03252938580005727
      ],
      [
        -4.048149379432624,
        -0.24482975953014185,
        -0.017298989262141233
      ],
      [
        -3.93323359929078,
        -0.17279961768617022,
        0.04219682842281693
      ],
      [
        -4.207557624113475,
        -0.2786345786236702,
        0.01942471240429168
      ],
      [
        -3.0520833333333335,
        -0.13976877631870568,
        0.03785456664173316
      ]
    ]
  },
  "value": {
    "upper_threshold": [
      [
        0.038970081518727835,
        0.001987592548343307,
        0.0002735515012808725
      ],
      [
        1.0841298204787233,
        0.041776616522606384,
        6.138475228708687e-05
      ],
      [
        1.2059923537234043,
        0.045417082225177305,
        -0.002493036554214802
      ],
      [
        1.2380734707446808,
        0.0544574277620789,
        0.002328397111689791
      ],
      [
        1.2383089539007093,
        0.05918462225731383,
        0.0028784651282831287
      ],
      [
        1.2686100953014185,
        0.06580239153922872,
        0.0030478289786805496
      ],
      [
        1.1528701241134751,
        0.05481000318594858,
        -0.001128534475962321
      ],
      [
        1.1373490137411348,
        0.06131500893450798,
        0.004234220119232827
      ],
      [
        1.1047692265070923,
        0.05532880201407358,
        -0.002244380771691072
      ],
      [
        1.2346866688829787,
        0.06633136289339539,
        0.0028769597939565673
      ],
      [
        1.367457613031915,
        0.07030470827792554,
        -0.00020447605890585175
      ],
      [
        1.3772855718085106,
        0.08202345827792554,
        0.00777324378913176
      ],
      [
        1.547941600177305,
        0.08434019697473404,
        0.0011175422803729985
      ],
      [
        1.4562278368794326,
        0.08486743683510638,
        0.007373390045571834
      ],
      [
        1.54749141179078,
        0.08621627050088652,
        0.0034791002882287856
      ],
      [
        1.4870276484929077,
        0.07761031346963652,
        -0.001283819371081413
      ],
      [
        1.4949925199468086,
        0.0721387930795656,
        -0.007979030304766715
      ],
      [
        1.4998129986702127,
        0.08153431128102837,
        0.0025244524292912045
      ],
      [
        1.4675171764184398,
        0.07364865566821809,
        -0.005175161868967908
      ],
      [
        1.3592018506205674,
        0.0633685605745789,
        -0.009042317140186933
      ],
      [
        1.2786319813829787,
        0.07139078776041667,
        0.006178311845089527
      ],
      [
        1.2931903812056738,
        0.07690516262189716,
        0.010029644830852535
      ],
      [
        1.18341367464539,
        0.06975777267564273,
        0.007177682210367622
      ],
      [
        1.2866037788120568,
        0.06690102435172872,
        -0.0017763321281324888
      ]
    ],