{
  "n_quant_group": 3,
  "key": {
    "upper_threshold": [
      [
        2.013720356826241,
        0.04808250048481826,
        0.0014744096613944844
      ],
      [
        2.303939494680851,
        0.09492135555186171,
        0.018296153832834665
      ],
      [
        3.1515403368794326,
        0.07593769046431738,
        -0.014748377157441268
      ],
      [
        4.221908244680851,
        0.08884684244791667,
        -0.011741313528507314
      ],
      [
        6.557790336879433,
        0.1228308711491578,
        0.020548340276623448
      ],
      [
        8.74257535460993,
        0.11910556225066489,
        0.004680279721605017
      ],
      [
        8.949412677304965,
        0.18585334940159576,
        0.0036789804485672754
      ],
      [
        8.34485815602837,
        0.1905474290780142,
        -0.007828523081245152
      ],
      [
        8.15586214539007,
        0.17500294353945037,
        -0.028060426103307844
      ],
      [
        7.529005984042553,
        0.19384765625,
        -0.013385738886839955
      ],
      [
        6.631177969858156,
        0.18698055186170212,
        -0.002487029589659779
      ],
      [
        6.094387189716312,
        0.15227016151374115,
        -0.01747473588226535
      ],
      [
        6.261136968085107,
        0.17880530391179078,
        -0.003970039651748982
      ],
      [
        6.2838264627659575,
        0.18747489333998227,
        -0.0011008022524786334
      ],
      [
        5.6857546542553195,
        0.1321129765070922,
        -0.030993143717447918
      ],
      [
        4.731493794326241,
        0.09566892799756206,
        -0.04036014638048537
      ],
      [
        4.8494570035460995,
        0.12228198761635638,
        -0.021924120314577793
      ],
      [
        4.462572030141844,
        0.14138902163674646,
        0.0067766012874900874
      ],
      [
        3.9520445478723403,
        0.1276033009197695,
        0.003182611566908816
      ],
      [
        3.9739167774822697,
        0.11702906831781915,
        -0.016454033817805296
      ],
      [
        3.9722268395390072,
        0.1224036250554078,
        -0.010106761404808531
      ],
      [
        4.056723736702128,
        0.19435758117242907,
        0.04121177078138852
      ],
      [
        5.4908577127659575,
        0.5484368074024822,
        0.15022440159574468
      ],
      [
        14.97512189716312,
        3.7552775930851063,
        -4.508034131205674
      ]
    ],
    "lower_threshold": [
      [
        -1.935138242464539,
        -0.045141991148603726,
        0.0014739894697852168
      ],
      [
        -2.3167109929078014,
        -0.058295500193927305,
        0.018295720959386082
      ],
      [
        -3.261580230496454,
        -0.10511639101285461,
        -0.014749351122700576
      ],
      [
        -4.202654033687943,
        -0.11269081061613476,
        -0.011742071057042332
      ],
      [
        -6.5767952127659575,
        -0.0811910426363032,
        0.020547474529726287
      ],
      [
        -7.788037455673759,
        -0.10908973639738476,
        0.004679188237968066
      ],
      [
        -9.384696365248226,
        -0.18039741245567376,
        0.003677517809766404
      ],
      [
        -8.573692375886525,
        -0.20605641899379432,
        -0.007829882574419604
      ],
      [
        -7.868849734042553,
        -0.2313414228723404,
        -0.028062482252188607
      ],
      [
        -7.532136524822695,
        -0.21979668799867022,
        -0.013387409507805575
      ],
      [
        -6.632895611702128,
        -0.19220879737367022,
        -0.0024885585967530594
      ],
      [
        -6.1067985372340425,
        -0.1872844290226064,
        -0.017475905993306045
      ],
      [
        -6.224900265957447,
        -0.18715370124113476,
        -0.003971155653608606
      ],
      [
        -6.181959219858156,
        -0.19007126828457446,
        -0.0011023671914499702
      ],
      [
        -5.535821143617022,
        -0.19394548564937944,
        -0.030994983429604387
      ],
      [
        -4.7638242464539005,
        -0.17656388519503546,
        -0.040361445000831116
      ],
      [
        -5.020168439716312,
        -0.16647879958998227,
        -0.0219250942798371
      ],
      [
        -4.4318484042553195,
        -0.12775523950022163,
        0.006775516990228748
      ],
      [
        -3.9540253767730498,
        -0.12121408881870567,
        0.003181298573811849
      ],
      [
        -4.009059175531915,
        -0.14980364860372342,
        -0.016455034837655143
      ],
      [
        -3.906499335106383,
        -0.14247942985372342,
        -0.010107846970253803
      ],
      [
        -4.00264572251773,
        -0.11230555324689716,
        0.041210309833499555
      ],
      [
        -5.563497340425532,
        -0.258051446143617,
        0.1502218043550532
      ],
      [
        -14.940214982269504,
        -6.734679742907802,
        -4.508117242907802
      ]
    ]
  },
  "value": {
    "upper_threshold": [
      [
        0.49943553302304966,
        0.013643251243212544,
        -0.00027826111367408265
      ],
      [
        0.31002050088652483,
        0.006718141812804743,
        0.0001520793488685121
      ],
      [
        0.44664055574024825,
        0.008952580445201684,
        -7.173566953510257e-05
      ],
      [
        0.5630748559397163,
        0.013387693581006206,
        0.0008657629608262515
      ],
      [
        0.6362824135638298,
        0.015688253632673982,
        0.0005972161360666262
      ],
      [
        0.7296895777925532,
        0.017279117665392286,
        -0.0001960041675161808
      ],
      [
        0.7837225731382979,
        0.018535532849900265,
        -0.0012785090622327007
      ],
      [
        0.8366785793439716,
        0.022010532676750887,
        0.00014812007863470848
      ],
      [
        0.8740788453014184,
        0.021954042691710994,
        -0.001699076899399994
      ],
      [
        0.9116522606382979,
        0.024285499085771278,
        -0.001096341204135976
      ],
      [
        1.0215467087765957,
        0.03226974162649601,
        0.00251725971276033
      ],
      [
        1.1444135084219857,
        0.03320983453845301,
        -0.0007482830514299109
      ],
      [
        1.2079593306737588,
        0.0355505977116578,
        -0.00022742765169617133
      ],
      [
        1.301418439716312,
        0.04042345412234043,
        0.0010012198001780408
      ],
      [
        1.4279352282801419,
        0.0477929081477172,
        0.0027277118770788747
      ],
      [
        1.7053136081560283,
        0.048169724484707445,
        -0.005324620727106189
      ],
      [
        1.7496952570921986,
        0.05383019413508422,
        -0.001223023901594446
      ],
      [
        1.8443317819148937,
        0.059423568400930854,
        0.0016362831947651314
      ],
      [
        1.9839386635638299,
        0.06485483156028368,
        0.001963045580167297
      ],
      [
        2.225288120567376,
        0.07911238433621454,
        0.00877738506235975
      ],
      [
        2.28515625,
        0.06360447660405585,
        -0.009168513277743725
      ],
      [
        2.449925199468085,
        0.08256541583554965,
        0.004118982359027186
      ],
      [
        2.668675199468085,
        0.08949312250664894,
        0.0025243552018564645
      ],
      [
        2.114389406028369,
        0.06659563213375443,
        -3.977870264797346e-07
      ]
    ],