{
  "n_quant_group": 3,
  "key": {
    "upper_threshold": [
      [
        0.9320130907296986,
        0.09496661941769678,
        -0.0031865747293568975
      ],
      [
        4.764378639151825,
        0.1832717422293405,
        0.03240841262024891
      ],
      [
        4.7191726865113965,
        0.3409633425998723,
        0.15711618077340733
      ],
      [
        4.528783550255325,
        0.20350942494103405,
        0.04490973629026785
      ],
      [
        4.275249972755013,
        0.09024523726613098,
        -0.029541318962086716
      ],
      [
        4.403401731224312,
        0.16408179194414388,
        0.05873554784195378
      ],
      [
        5.057893164621995,
        0.1052950495250615,
        -0.016487386259615145
      ],
      [
        5.354804556140242,
        0.07734169142230508,
        -0.04986985311485611
      ],
      [
        4.918519196039357,
        0.13627309833640164,
        0.001209058604511827
      ],
      [
        4.6351378596338275,
        0.09228006986028187,
        -0.03484063138402344
      ],
      [
        3.922161023710923,
        0.12922666442544214,
        0.011946577662948892
      ],
      [
        3.8573436429661228,
        0.1282102226839815,
        0.024206754470587163
      ],
      [
        3.445640364226554,
        0.11076991596381087,
        0.008302305381374381
      ],
      [
        3.5482499474560965,
        0.13071026038909733,
        0.02069392564778073
      ],
      [
        3.2050825036586126,
        0.05977849491151217,
        -0.036068045839097555
      ],
      [
        3.131178287302279,
        0.10591082423869723,
        0.007530557089271217
      ],
      [
        3.0905063870033627,
        0.08788575982376386,
        -0.013158153892231546
      ],
      [
        3.20059953566758,
        0.10012561809023345,
        -0.0003913140056409134
      ],
      [
        3.2712746859042223,
        0.1586564210717594,
        0.059258777781372604
      ],
      [
        3.457057375996388,
        0.1462816765543265,
        0.03966768049543473
      ],
      [
        3.8415030183553367,
        0.1375697620661236,
        0.016991790866685518
      ],
      [
        3.7462306560592853,
        0.17394236998059767,
        0.05710619157835561
      ],
      [
        4.0954601094470044,
        0.19352991159001745,
        0.02838080515227827
      ],
      [
        3.547595921814672,
        0.0991624834766452,
        -0.030580922018800166
      ]
    ],
    "lower_threshold": [
      [
        -0.9428106317723253,
        -0.09939502901834366,
        -0.0032393636969555535
      ],
      [
        -4.983542276435422,
        -0.1224272872044892,
        0.03233080868822564
      ],
      [
        -4.864809596462822,
        -0.023285339861228525,
        0.15702435513305285
      ],
      [
        -4.452723720264043,
        -0.1129105600596276,
        0.04483089696456789
      ],
      [
        -4.506201542844688,
        -0.15028573332071632,
        -0.029601205290588767
      ],
      [
        -4.016482000793997,
        -0.04667793337591174,
        0.05868329470890191
      ],
      [
        -5.302664851631586,
        -0.1393932392416358,
        -0.01654868178623583
      ],
      [
        -5.108775999501806,
        -0.17659920471396656,
        -0.049931785287974643
      ],
      [
        -4.919689173620625,
        -0.13409338383467354,
        0.0011407107682702609
      ],
      [
        -5.322471081392452,
        -0.1619550227228056,
        -0.03490258930836776
      ],
      [
        -3.6160191765786522,
        -0.10518927527240121,
        0.011889498090369866
      ],
      [
        -3.5174464246792874,
        -0.07935941912106699,
        0.024155378978625672
      ],
      [
        -3.1919996555455223,
        -0.09450155342036486,
        0.008250644244416029
      ],
      [
        -3.416517516580521,
        -0.09000598576315641,
        0.02063797054885853
      ],
      [
        -3.186062048511645,
        -0.13087883114384186,
        -0.036115550674170514
      ],
      [
        -3.130615045849421,
        -0.09189003324253293,
        0.007480581192169113
      ],
      [
        -3.2137552154689253,
        -0.11204265366902401,
        -0.013208912138713818
      ],
      [
        -3.25633261069249,
        -0.101984013547813,
        -0.0004413103519838319
      ],
      [
        -3.025076772481006,
        -0.03990120433427756,
        0.059208834466757225
      ],
      [
        -3.3725860941586747,
        -0.06634323000388241,
        0.0396139749481129
      ],
      [
        -3.884900536337028,
        -0.10322688971350923,
        0.01693159153250921
      ],
      [
        -3.751820792206377,
        -0.05981666640009555,
        0.057048129880988056
      ],
      [
        -4.134742612716403,
        -0.1358166368593536,
        0.02829949658334827
      ],
      [
        -3.428954853110599,
        -0.15990704959171442,
        -0.030645778443748294
      ]
    ]
  },
  "value": {
    "upper_threshold": [
      [
        0.044559392763974734,
        0.0010677115886620291,
        -3.203646244957017e-05
      ],
      [
        1.3001958963211484,
        0.028216865169911415,
        0.0024326176048884104
      ],
      [
        1.4304044566960394,
        0.026855261219826176,
        0.0002568268214710505
      ],
      [
        1.4801218629343629,
        0.03526073079994687,
        0.005841634953240259
      ],
      [
        1.4973372890459584,
        0.03769820271875778,
        0.004899630083035882
      ],
      [
        1.5506524931109105,
        0.036557764739173035,
        -0.001744074299736655
      ],
      [
        1.4745278103204011,
        0.039461721918446026,
        0.003728960143597786
      ],
      [
        1.363808489148711,
        0.03642308829893492,
        0.0018239637955824633
      ],
      [
        1.3386202798060156,
        0.03684718058019903,
        0.0025070091843352638
      ],
      [
        1.4884991369177356,
        0.04123360732080096,
        0.0027424585078362138
      ],
      [
        1.6284303871123427,
        0.039376204663247094,
        0.00043369190439606
      ],
      [
        1.5490429225308258,
        0.046478740897863406,
        0.0053405701601872005
      ],
      [
        1.7403261078979324,
        0.033889606403137505,
        -0.0019539473703840274
      ],
      [
        1.6369546380698095,
        0.03508966578717457,
        0.0016782434973418008
      ],
      [
        1.7439710492822893,
        0.033386615501838066,
        0.000721933953357316
      ],
      [
        1.6874737767000871,
        0.0287816473252599,
        -0.0003777436070401221
      ],
      [
        1.6726226802839705,
        0.019861044000608268,
        -0.0063219252492648335
      ],
      [
        1.6789115530420975,
        0.028947588984377434,
        0.0006092804769068671
      ],
      [
        1.6393992918249471,
        0.036106476692886726,
        0.002865708974485959
      ],
      [
        1.5343812274255824,
        0.03493165674089628,
        -0.0015106820974066094
      ],
      [
        1.4978579358808692,
        0.044140744918992385,
        0.00543563757015204
      ],
      [
        1.5092840698561465,
        0.051591429934286066,
        0.010460413874182997
      ],
      [
        1.3596371600214847,
        0.047396771336777714,
        0.009221984246166427
      ],
      [
        1.4905183066851413,
        0.03999727234654504,
        -7.046990116056195e-05
      ]
    ],