{
  "n_quant_group": 3,
  "key": {
    "upper_threshold": [
      [
        1.023013963225138,
        0.12520911887393943,
        -0.0017770453523065315
      ],
      [
        4.686849472178374,
        0.1886345216770669,
        0.03597353759861971
      ],
      [
        4.6106914709944755,
        0.3389821282125592,
        0.16259548846623423
      ],
      [
        4.285764385605762,
        0.1887826053947563,
        0.04033762202454818
      ],
      [
        3.8572307246448303,
        0.09142499169497953,
        -0.018547836729364314
      ],
      [
        3.9199411441890293,
        0.13654395436901884,
        0.042271012665252565
      ],
      [
        4.578198993685872,
        0.1258147013121547,
        0.014834702438318362
      ],
      [
        4.961443123520127,
        0.07692200044242058,
        -0.03773777035153938
      ],
      [
        4.620640538674033,
        0.1268738804601174,
        0.0048570621644029865
      ],
      [
        4.410675747336227,
        0.09207090695448156,
        -0.02405552216750388
      ],
      [
        3.6807711991910024,
        0.1184044456331393,
        0.011354553059696116
      ],
      [
        3.7076355317679557,
        0.11869237549020817,
        0.02394194177689285
      ],
      [
        3.2431979762726915,
        0.11541143476069209,
        0.01938622507789329
      ],
      [
        3.325946040104578,
        0.10790613380679015,
        0.005333865192243219
      ],
      [
        3.062707336473954,
        0.0670418773190469,
        -0.022662159769950934
      ],
      [
        2.9852151366416733,
        0.09611734030466901,
        0.005004880977787177
      ],
      [
        2.896482833464878,
        0.06657327171753219,
        -0.0277111916064087
      ],
      [
        2.9935186155781373,
        0.10186585725153537,
        0.008273289442626905
      ],
      [
        2.9942123063831887,
        0.1384127284940435,
        0.04957194580463509
      ],
      [
        3.2492639169790842,
        0.13403450379525947,
        0.037096956910913914
      ],
      [
        3.5774844921566693,
        0.11456708298391871,
        0.003762444973744646
      ],
      [
        3.5834648776637725,
        0.1537452462910665,
        0.04753314818372478
      ],
      [
        3.8991913106748224,
        0.1523451711026909,
        0.0096935755451928
      ],
      [
        3.4011274787884767,
        0.10595993367159752,
        -0.014014104453239652
      ]
    ],
    "lower_threshold": [
      [
        -1.0291745156496646,
        -0.12841647538785023,
        -0.0020036651990313933
      ],
      [
        -4.736653388910813,
        -0.12072158970038724,
        0.03572599776824253
      ],
      [
        -4.74870048589187,
        -0.009872898871068797,
        0.1623149531604553
      ],
      [
        -4.272150318172849,
        -0.10865999265458515,
        0.04010299179811786
      ],
      [
        -4.2554763035221,
        -0.12727234320275504,
        -0.018723250917308237
      ],
      [
        -3.612001775848461,
        -0.05502351852693987,
        0.042122808515131706
      ],
      [
        -4.678976852308603,
        -0.09861274845692335,
        0.014668474257603911
      ],
      [
        -4.747376307221784,
        -0.15073241224040548,
        -0.03790787212850545
      ],
      [
        -4.6330961424625094,
        -0.1191977340589853,
        0.004657752512003742
      ],
      [
        -5.059705196823204,
        -0.1379158965414118,
        -0.024238082679501647
      ],
      [
        -3.4902813918212314,
        -0.0954929824503934,
        0.011195928234704009
      ],
      [
        -3.3456090913575376,
        -0.07075288527201928,
        0.023790704987607984
      ],
      [
        -3.035847628502368,
        -0.07661138111526983,
        0.019239531225732864
      ],
      [
        -3.2599567753551697,
        -0.09936123601827644,
        0.005171417531387582
      ],
      [
        -3.0032210376381214,
        -0.11000804103258188,
        -0.022801031535689815
      ],
      [
        -2.95953855687648,
        -0.08928744851272691,
        0.004857867556288192
      ],
      [
        -3.0036218367699288,
        -0.12144066766198451,
        -0.02785683318019948
      ],
      [
        -2.994058152870955,
        -0.08562753100797899,
        0.008126010905125053
      ],
      [
        -2.797121645619574,
        -0.03937526904605182,
        0.049436224476032214
      ],
      [
        -3.188242249161405,
        -0.059352558620726865,
        0.036942100374361804
      ],
      [
        -3.6424378453038675,
        -0.10576359267863308,
        0.003589444350518857
      ],
      [
        -3.546989073599053,
        -0.05731932798895953,
        0.047361348309475505
      ],
      [
        -3.9643003588693766,
        -0.13233007176616762,
        0.009472495237484444
      ],
      [
        -3.2441845587509865,
        -0.1325538593102555,
        -0.0142014943998257
      ]
    ]
  },
  "value": {
    "upper_threshold": [
      [
        0.04438332525312007,
        0.0011056438617661137,
        -7.549034109619911e-05
      ],
      [
        1.291093472523678,
        0.029223043897910295,
        0.0020919968363047586
      ],
      [
        1.446534551968232,
        0.026194574706838558,
        0.0016534152751657657
      ],
      [
        1.501845602925217,
        0.028038675237473484,
        0.00431689151931016
      ],
      [
        1.5128710475039464,
        0.030030272377694605,
        0.005591407241836343
      ],
      [
        1.6055662520964877,
        0.028373134164426304,
        0.0002158603615523702
      ],
      [
        1.5044839402870955,
        0.0295654212572298,
        0.002011571705764734
      ],
      [
        1.3682719699585635,
        0.025078051656649256,
        0.001935792397398975
      ],
      [
        1.328431765489345,
        0.018009854191010075,
        -0.00041964697198032297
      ],
      [
        1.4885271248520127,
        0.025015270230143487,
        0.0016515475845562725
      ],
      [
        1.5802122385556432,
        0.015584706319253466,
        -0.0017154918896841458
      ],
      [
        1.527234301006314,
        0.02530617777907952,
        0.0035589559866672626
      ],
      [
        1.7129330172158643,
        0.015528301789992045,
        0.00051064870445956
      ],
      [
        1.5826343756166141,
        0.014446159188165943,
        0.0008796415135158547
      ],
      [
        1.6965210635359116,
        0.018767542790124617,
        0.002452402366082689
      ],
      [
        1.63524735472573,
        0.016466645057876938,
        0.0007766418411869089
      ],
      [
        1.602075831195738,
        0.014117681236839144,
        -0.0015802956182559644
      ],
      [
        1.6090481945540647,
        0.01753459620306411,
        0.0008888332130594712
      ],
      [
        1.562853011543015,
        0.022099013957059,
        0.0023430190692290418
      ],
      [
        1.475136580011839,
        0.01866262807748218,
        -0.0021693884573682804
      ],
      [
        1.441916883509274,
        0.02403136436263689,
        0.0023932728884063937
      ],
      [
        1.4719745060921468,
        0.037239947842159137,
        0.009283779734406023
      ],
      [
        1.3168178398776638,
        0.02648458202334963,
        0.004391257887104881
      ],
      [
        1.4207161509717838,
        0.021948935577223973,
        -0.0005478268311356784
      ]
    ],