{
  "n_quant_group": 3,
  "key": {
    "upper_threshold": [
      [
        1.5751814605496455,
        0.046929109181072695,
        -0.0009198133827101254
      ],
      [
        7.355856604609929,
        0.12156601493240249,
        -0.02847517297623005
      ],
      [
        8.136912677304965,
        0.1428265943594858,
        0.007862145173634198
      ],
      [
        8.9609375,
        0.1312212572030142,
        -0.032713978003102835
      ],
      [
        5.473071808510638,
        0.17412767342641844,
        -0.013110248755055962
      ],
      [
        5.879737367021277,
        0.11020438552748227,
        -0.03704011524822695
      ],
      [
        6.1757535460992905,
        0.17311301806294327,
        -0.01401438611619016
      ],
      [
        6.56998005319149,
        0.1632573553856383,
        -0.031330730898160464
      ],
      [
        6.240580673758865,
        0.1520061087101064,
        -0.04952461837876773
      ],
      [
        5.993822030141844,
        0.2234986217309397,
        0.018752537720592308
      ],
      [
        5.994708554964539,
        0.2076277496121454,
        0.0071212095571747906
      ],
      [
        5.382036790780142,
        0.21392778978280141,
        0.036203262653756646
      ],
      [
        4.917857934397163,
        0.2022376094304078,
        0.03736872030488143
      ],
      [
        4.842087765957447,
        0.1672484485815603,
        0.006323674469129414
      ],
      [
        4.781305407801418,
        0.14749426875554078,
        0.0007391922862817209
      ],
      [
        4.572251773049645,
        0.10057468279033688,
        -0.0338604433316711
      ],
      [
        4.355413342198582,
        0.12644493157136524,
        -0.011118786132082026
      ],
      [
        4.5116910460992905,
        0.1409254141733156,
        0.007527060542546265
      ],
      [
        4.09233710106383,
        0.09314008131094859,
        -0.02227945530668218
      ],
      [
        4.304909131205674,
        0.09942929964539007,
        -0.0314259630568484
      ],
      [
        3.873961103723404,
        0.12619905945257093,
        0.0021769108501731925
      ],
      [
        3.6966422872340425,
        0.10947672526041667,
        -0.010589349354412539
      ],
      [
        3.461436170212766,
        0.11505040378435284,
        0.002707178711045718
      ],
      [
        3.5961463874113475,
        0.12671980621121454,
        0.009998608988227574
      ],
      [
        3.528659685283688,
        0.11548371010638298,
        -0.002898903603249408
      ],
      [
        3.2953651374113475,
        0.10976804909131206,
        0.0005609173301263904
      ],
      [
        3.422900044326241,
        0.1284651519558954,
        0.014265128061281029
      ],
      [
        4.159491356382978,
        0.1441602774545656,
        0.0004860209235062836
      ],
      [
        5.0954953457446805,
        0.16252666500443264,
        -0.00926528923900415
      ],
      [
        6.645833333333333,
        0.3328242741578014,
        0.02078463507036791
      ],
      [
        7.577321586879433,
        0.4140347960992908,
        0.0004989014449694478
      ],
      [
        7.940796764184397,
        0.5188196060505319,
        -0.1185159886136968
      ]
    ],
    "lower_threshold": [
      [
        -1.5751676085992907,
        -0.048788517079454786,
        -0.000919996423924223
      ],
      [
        -7.344387189716312,
        -0.17906589372783688,
        -0.028475822286402927
      ],
      [
        -8.051252216312056,
        -0.12597569675310283,
        0.007861739354776152
      ],
      [
        -8.572584219858156,
        -0.19375502133200354,
        -0.03271462731327571
      ],
      [
        -5.522080008865248,
        -0.2009606327570922,
        -0.013110816901457226
      ],
      [
        -5.913840868794326,
        -0.18506638547207446,
        -0.03704076455839982
      ],
      [
        -6.304909131205674,
        -0.1994654878656915,
        -0.014014981317181959
      ],
      [
        -6.752271719858156,
        -0.22596946337544327,
        -0.031331813081781915
      ],
      [
        -6.276235593971631,
        -0.24916974872562056,
        -0.0495254841256649
      ],
      [
        -5.9292442375886525,
        -0.18454260859929078,
        0.018751834301238366
      ],
      [
        -5.974706338652482,
        -0.19448311447251773,
        0.007120254191946476
      ],
      [
        -5.356660017730497,
        -0.1412310228280142,
        0.03620282978030807
      ],
      [
        -4.920766843971631,
        -0.12777212156471632,
        0.037368395649794994
      ],
      [
        -4.885499778368795,
        -0.1549357962101064,
        0.006323118581839487
      ],
      [
        -4.784408244680851,
        -0.1461276872783688,
        0.0007386270989762976
      ],
      [
        -4.642896719858156,
        -0.16818864971187944,
        -0.03386098442348183
      ],
      [
        -4.4140902039007095,
        -0.148517148714539,
        -0.011119444319542418
      ],
      [
        -4.556294326241135,
        -0.12578826254986702,
        0.007526623864545889
      ],
      [
        -4.240137411347518,
        -0.13770050698138298,
        -0.02227999639849291
      ],
      [
        -4.416417331560283,
        -0.16231542276152483,
        -0.031426612367021274
      ],
      [
        -3.834912455673759,
        -0.12179370636635638,
        0.002176475017628771
      ],
      [
        -3.7204260859929077,
        -0.13064856563054078,
        -0.010590215101309702
      ],
      [
        -3.4153922872340425,
        -0.10963602268949468,
        0.0027066828511285446
      ],
      [
        -3.5351423980496453,
        -0.10671455978501773,
        0.009998193023898077
      ],
      [
        -3.468583776595745,
        -0.1211946095135195,
        -0.0028994172177416212
      ],
      [
        -3.2433510638297873,
        -0.10860924686945922,
        0.0005604049838181083
      ],
      [
        -3.4271110372340425,
        -0.09999636386303191,
        0.014264708715127715
      ],
      [
        -4.125166223404255,
        -0.1430967073914007,
        0.0004852071721503075
      ],
      [
        -5.08097850177305,
        -0.18093937001329788,
        -0.009265686603302651
      ],
      [
        -6.673426418439717,
        -0.29145369292996454,
        0.020783492013917746
      ],
      [
        -7.634890292553192,
        -0.41483820921985815,
        0.000496753564117648
      ],
      [
        -7.870207225177305,
        -0.7442133477393617,
        -0.11851728723404255
      ]
    ]
  },