{
  "n_quant_group": 3,
  "key": {
    "upper_threshold": [
      [
        2.6021442819148937,
        0.10152657150376773,
        0.013078297283632535
      ],
      [
        2.7513020833333335,
        0.07413260818373227,
        -0.013973263138574912
      ],
      [
        3.429756759751773,
        0.14965733737810283,
        0.040011899691101506
      ],
      [
        3.782870678191489,
        0.0894212655141844,
        -0.032265845765458774
      ],
      [
        4.478280141843972,
        0.09937475759086879,
        -0.013446831534094844
      ],
      [
        4.544326241134752,
        0.09754803163785461,
        -0.02227829195928912
      ],
      [
        4.27911679964539,
        0.10402944578346632,
        -0.013417852685806598
      ],
      [
        3.9274988918439715,
        0.09559793675199468,
        -0.02069824976278535
      ],
      [
        3.7777870124113475,
        0.07992423848902926,
        -0.0332255262009641
      ],
      [
        3.678260749113475,
        0.12241141677748227,
        0.004369687526784045
      ],
      [
        3.6388658023049647,
        0.09697274282468972,
        -0.033677824845550756
      ],
      [
        3.3821476063829787,
        0.09995956961990249,
        -0.04274408868018617
      ]
    ],
    "lower_threshold": [
      [
        -2.624044215425532,
        -0.07546152967087766,
        0.013076944554105718
      ],
      [
        -2.7493074024822697,
        -0.10196420656028368,
        -0.013975319287455674
      ],
      [
        -3.3051169104609928,
        -0.06987551425365691,
        0.040007679174977835
      ],
      [
        -3.909768395390071,
        -0.15459469193262412,
        -0.032267901914339536
      ],
      [
        -4.509308510638298,
        -0.1262185387577571,
        -0.013449144701585702
      ],
      [
        -4.4452847960992905,
        -0.14233225288120568,
        -0.02228064570866578
      ],
      [
        -4.320478723404255,
        -0.13083296971963654,
        -0.013420480362912442
      ],
      [
        -4.160377881205674,
        -0.1370706761136968,
        -0.020700143584122893
      ],
      [
        -3.7572999778368796,
        -0.14621859070257093,
        -0.033227474131482714
      ],
      [
        -3.796528701241135,
        -0.11379507078346632,
        0.004365724029270469
      ],
      [
        -3.7873033023049647,
        -0.1645672304410461,
        -0.0336806926321476
      ],
      [
        -3.4731410682624113,
        -0.1852888824246454,
        -0.042747227012688384
      ]
    ]
  },
  "value": {
    "upper_threshold": [
      [
        0.23344259059175532,
        0.005286791645888741,
        -0.0003059328870570406
      ],
      [
        0.28298149379432624,
        0.007022587120110261,
        -0.00026448609981131045
      ],
      [
        0.40081137799202127,
        0.008976117938968306,
        -0.0031002802206269394
      ],
      [
        0.4536254017065603,
        0.01281235065866024,
        -0.0011796520111408638
      ],
      [
        0.5175711990248227,
        0.016672120872118796,
        0.0007654373527418637
      ],
      [
        0.44989576407358156,
        0.014067683659546764,
        -0.00044496431418344484
      ],
      [
        0.5259343140514184,
        0.015381400466810727,
        -0.0009148522471705227
      ],
      [
        0.616789256427305,
        0.019630378019725177,
        0.0013241370519002278
      ],
      [
        0.6541514295212766,
        0.02095053381953679,
        -0.0003127400756727719
      ],
      [
        0.7088527814716312,
        0.020132024237450134,
        -0.0027375457980108597
      ],
      [
        0.7560948581560284,
        0.025664201019503546,
        0.0006809957483981518
      ],
      [
        0.8022772606382979,
        0.02509183410211658,
        -0.0013766736848979976
      ]
    ],
    "lower_threshold": [
      [
        -0.23428755956338654,
        -0.005865489337461214,
        -0.00030605843726624833
      ],
      [
        -0.2878019725177305,
        -0.007542603404809397,
        -0.0002646205273080379
      ],
      [
        -0.42701234208776595,
        -0.01528389572251773,
        -0.00310049665735123
      ],
      [
        -0.4660159712987589,
        -0.015292986064937944,
        -0.001179986388970774
      ],
      [
        -0.5084150598404256,
        -0.015096407410100841,
        0.0007650729612255773
      ],
      [
        -0.46539090203900707,
        -0.014995277350675976,
        -0.00044523993282453387
      ],
      [
        -0.522062693927305,
        -0.01727294921875,
        -0.0009151451976586741
      ],
      [
        -0.6020438552748227,
        -0.01693000522911126,
        0.0013237105193713032
      ],
      [
        -0.6660225509751773,
        -0.021617050711990247,
        -0.00031322705830242616
      ],
      [
        -0.7270473182624113,
        -0.025799690408909573,
        -0.0027379410486694767
      ],
      [
        -0.7479880042109929,
        -0.024250382227255098,
        0.0006804136519736432
      ],
      [
        -0.8239520999556738,
        -0.0279200127784242,
        -0.0013771763084628058
      ]
    ]
  }
}