{
  "n_quant_group": 3,
  "key": {
    "upper_threshold": [
      [
        0.867935505319149,
        0.025662144870622784,
        -0.004305251101230053
      ],
      [
        5.986064937943262,
        0.19030588569370568,
        0.029558330562943262
      ],
      [
        5.408687943262412,
        0.21836907136524822,
        0.04934519233433067
      ],
      [
        5.004571143617022,
        0.18741342531028368,
        0.030678282392785906
      ],
      [
        5.192237367021277,
        0.11867615178967199,
        -0.02346114571212877
      ],
      [
        5.185533023049645,
        0.14478101797983156,
        0.0202143243018617
      ],
      [
        6.214206560283688,
        0.1566066877216312,
        -0.02069973776526485
      ],
      [
        5.8124722960992905,
        0.17021796043882978,
        -0.009742908866692943
      ],
      [
        5.666722074468085,
        0.19951743267952127,
        -0.00010521192077203846
      ],
      [
        5.247645168439717,
        0.13430418190381205,
        -0.015667313379598848
      ],
      [
        4.0116910460992905,
        0.14434944315159576,
        0.012421252879690616
      ],
      [
        3.8499833776595747,
        0.17140143644725178,
        0.04915137324772828
      ],
      [
        3.4846104831560285,
        0.1441135271221188,
        0.026623286254017067
      ],
      [
        3.65288397606383,
        0.13303932568705673,
        0.00917476035178976
      ],
      [
        3.2508311170212765,
        0.08473714192708333,
        -0.02555208679632092
      ],
      [
        3.356396830673759,
        0.1293923668827571,
        0.01591401404522835
      ],
      [
        3.240566821808511,
        0.08752354831560284,
        -0.02377178652066711
      ],
      [
        3.3250221631205674,
        0.09226740843860816,
        -0.020840034417226806
      ],
      [
        3.3770085328014185,
        0.1064829724900266,
        -0.007464194128699336
      ],
      [
        3.8528507313829787,
        0.1580646054964539,
        0.032531537485460865
      ],
      [
        4.780862145390071,
        0.1538722261469415,
        -0.01729676402206962
      ],
      [
        4.774573359929078,
        0.2030946988585993,
        0.042199858536957006
      ],
      [
        4.852227393617022,
        0.24308787677304963,
        0.019428314046656833
      ],
      [
        3.637813054078014,
        0.17121876385195037,
        0.037856947445700354
      ]
    ],
    "lower_threshold": [
      [
        -0.8600675975177305,
        -0.03427730046265514,
        -0.004305535174430685
      ],
      [
        -5.994708554964539,
        -0.13231166541999115,
        0.029555625103889628
      ],
      [
        -5.432125443262412,
        -0.11993949294935727,
        0.049340755381482714
      ],
      [
        -5.10796210106383,
        -0.1263306529809397,
        0.030676875554078015
      ],
      [
        -5.311502659574468,
        -0.1655411957003546,
        -0.023463147751828457
      ],
      [
        -5.232075576241135,
        -0.10460127160904255,
        0.020212836299382204
      ],
      [
        -6.428523936170213,
        -0.19822746980274822,
        -0.02070233500595634
      ],
      [
        -5.972074468085107,
        -0.18957692680629432,
        -0.00974600112184565
      ],
      [
        -5.62608045212766,
        -0.19948799728501773,
        -0.00010842253975834407
      ],
      [
        -5.479000443262412,
        -0.16568577543218085,
        -0.015668882545849954
      ],
      [
        -3.9721437278368796,
        -0.11952718098958333,
        0.012418682693589663
      ],
      [
        -3.826698249113475,
        -0.07299674825465426,
        0.04914888422539894
      ],
      [
        -3.5393256870567376,
        -0.09102506164117907,
        0.026620797231687723
      ],
      [
        -3.59233710106383,
        -0.11476773742242907,
        0.009173371690384884
      ],
      [
        -3.2241522606382977,
        -0.13572443968860815,
        -0.02555365596257203
      ],
      [
        -3.258879100177305,
        -0.09751556612921099,
        0.01591257169737038
      ],
      [
        -3.3433344414893615,
        -0.13503920101950354,
        -0.023773680342004656
      ],
      [
        -3.399642619680851,
        -0.1340591755319149,
        -0.020841847920248693
      ],
      [
        -3.4018727836879434,
        -0.12164393215314716,
        -0.00746568001753895
      ],
      [
        -3.732089428191489,
        -0.09303705743018617,
        0.03252938580005727
      ],
      [
        -4.73828125,
        -0.18782552083333334,
        -0.017298989262141233
      ],
      [
        -4.617990913120567,
        -0.11885839151152482,
        0.04219682842281693
      ],
      [
        -4.812970966312057,
        -0.2042071836214539,
        0.01942471240429168
      ],
      [
        -3.598515070921986,
        -0.09533734693594859,
        0.03785456664173316
      ]
    ]
  },
  "value": {
    "upper_threshold": [
      [
        0.04840152821642287,
        0.0015566264483945589,
        0.0002735515012808725
      ],
      [
        1.3337004100177305,
        0.03125043287344858,
        6.138475228708687e-05
      ],
      [
        1.46466367464539,
        0.0332911065284242,
        -0.002493036554214802
      ],
      [
        1.4952626329787233,
        0.04125478758034131,
        0.002328397111689791
      ],
      [
        1.5065381205673758,
        0.04496732671210106,
        0.0028784651282831287
      ],
      [
        1.545330507535461,
        0.050019609167220744,
        0.0030478289786805496
      ],
      [
        1.4068040780141844,
        0.04073880242963209,
        -0.001128534475962321
      ],
      [
        1.3775072030141844,
        0.04695205147384752,
        0.004234220119232827
      ],
      [
        1.3407441267730495,
        0.040805032067265073,
        -0.002244380771691072
      ],
      [
        1.4958651928191489,
        0.05038387217420213,
        0.0028769597939565673
      ],
      [
        1.661742298315603,
        0.05251447528812057,
        -0.00020447605890585175
      ],
      [
        1.6388588763297873,
        0.0633382594331782,
        0.00777324378913176
      ],
      [
        1.846271054964539,
        0.06327094761192376,
        0.0011175422803729985
      ],
      [
        1.7410862699468086,
        0.06530134052249557,
        0.007373390045571834
      ],
      [
        1.8460909796099292,
        0.0652489628352172,
        0.0034791002882287856
      ],
      [
        1.7796293218085106,
        0.05754857705839982,
        -0.001283819371081413
      ],
      [
        1.7849138408687943,
        0.0517039197556516,
        -0.007979030304766715
      ],
      [
        1.7962862921099292,
        0.06145006545046543,
        0.0025244524292912045
      ],
      [
        1.750547152039007,
        0.05366721728169326,
        -0.005175161868967908
      ],
      [
        1.635991522606383,
        0.04510779414616578,
        -0.009042317140186933
      ],
      [
        1.547602227393617,
        0.05500154968694592,
        0.006178311845089527
      ],
      [
        1.560477615248227,
        0.06008131960605053,
        0.010029644830852535
      ],
      [
        1.4189106826241136,
        0.05402282281970301,
        0.007177682210367622
      ],
      [
        1.5500055407801419,
        0.04960881226451684,
        -0.0017763321281324888
      ]
    ],