{
  "n_quant_group": 3,
  "key": {
    "upper_threshold": [
      [
        1.7239860372340425,
        0.049460336671653365,
        0.003186980037824482
      ],
      [
        11.48864140070922,
        0.20258477393617022,
        0.010787950339892232
      ],
      [
        12.027426861702128,
        0.22261902288342197,
        0.019959497113599844
      ],
      [
        7.838458554964539,
        0.25686710438829785,
        0.07586540059840426
      ],
      [
        10.626496010638299,
        0.32464469747340424,
        0.07947080355164007
      ],
      [
        9.149213209219859,
        0.16688570063164893,
        -0.04931012958499557
      ],
      [
        6.355607269503546,
        0.2009563040226064,
        0.02761040004432624
      ],
      [
        7.16228945035461,
        0.2149961214539007,
        -0.010587178223521997
      ],
      [
        9.823969414893616,
        0.32424125941932624,
        0.05509418460494238
      ],
      [
        8.6192929964539,
        0.2447059577238475,
        -0.005850487144280833
      ],
      [
        7.809812721631205,
        0.2637783618683511,
        0.021940244850537454
      ],
      [
        6.842808067375887,
        0.269685352947695,
        0.03811158525182846
      ],
      [
        6.627077792553192,
        0.22140351423980498,
        0.023980918505513076
      ],
      [
        6.425310283687943,
        0.21127254404920212,
        0.006504928812067559
      ],
      [
        5.9843472960992905,
        0.1798277509973404,
        -0.005931877920813594
      ],
      [
        6.143894060283688,
        0.22520414311835107,
        0.030958351514018174
      ],
      [
        5.934397163120567,
        0.18512698775487588,
        -0.005500888993554082
      ],
      [
        5.613752216312057,
        0.20903199107934398,
        0.035400931716810725
      ],
      [
        5.1497672872340425,
        0.17420126191267732,
        0.0203854445870041
      ],
      [
        5.40306405141844,
        0.16976777205230498,
        0.009949052587468574
      ],
      [
        4.857740469858156,
        0.2143225703679078,
        0.060293427595855494
      ],
      [
        4.326047207446808,
        0.1756029061391844,
        0.04319611677886746
      ],
      [
        4.726701019503546,
        0.14588700964095744,
        -0.01801551656520113
      ],
      [
        4.052568151595745,
        0.16689955258200354,
        0.02258065406312334
      ],
      [
        4.033798758865248,
        0.11396259280806738,
        -0.032652672300947476
      ],
      [
        3.9810920877659575,
        0.14089338153812056,
        -0.021474121310186726
      ],
      [
        4.101368572695035,
        0.17339092281693264,
        0.011120092784259336
      ],
      [
        4.552775930851064,
        0.09345651180186171,
        -0.11563954454787234
      ],
      [
        4.936502659574468,
        0.20188351894946807,
        -0.04606249653701241
      ],
      [
        6.605967420212766,
        0.4757937167553192,
        0.021612721977504433
      ],
      [
        7.819703014184397,
        0.7269780585106383,
        -0.09973252749612145
      ],
      [
        8.62854609929078,
        1.3016192929964538,
        0.006432691364423603
      ]
    ],
    "lower_threshold": [
      [
        -1.7013450243794326,
        -0.043092768243018616,
        0.003186824473928898
      ],
      [
        -11.275432180851064,
        -0.17889101285460993,
        0.01078648939200327
      ],
      [
        -11.80712544326241,
        -0.1821453554410461,
        0.0199581984932541
      ],
      [
        -7.866605718085107,
        -0.1029684729609929,
        0.0758645348515071
      ],
      [
        -11.144669769503546,
        -0.1676311087101064,
        0.07946950493129433
      ],
      [
        -9.27587544326241,
        -0.25889814660904253,
        -0.049312293952238476
      ],
      [
        -6.349041445035461,
        -0.15491415253767732,
        0.02760996717087766
      ],
      [
        -7.181986923758865,
        -0.24173298287898937,
        -0.010588530953048814
      ],
      [
        -9.659297429078014,
        -0.20772211602393617,
        0.05509266954787234
      ],
      [
        -8.311890514184396,
        -0.2554360247672872,
        -0.005852071951467095
      ],
      [
        -7.830562943262412,
        -0.21864264738475178,
        0.021938405138380985
      ],
      [
        -7.049673093971631,
        -0.19430477061170212,
        0.03810963732130984
      ],
      [
        -6.5482047872340425,
        -0.17221697002437944,
        0.02397940344844304
      ],
      [
        -6.396858377659575,
        -0.19823439577792554,
        0.006503493227857224
      ],
      [
        -5.990359042553192,
        -0.19159931155806736,
        -0.005933110172866929
      ],
      [
        -6.048371010638298,
        -0.16324177194148937,
        0.03095629536513741
      ],
      [
        -5.970329122340425,
        -0.19625356687721632,
        -0.005501947504408816
      ],
      [
        -5.547706117021277,
        -0.13852772814162234,
        0.035400282406637854
      ],
      [
        -5.16084884751773,
        -0.13367305241578015,
        0.02038479527683123
      ],
      [
        -5.436474955673759,
        -0.15013609541223405,
        0.00994818092237973
      ],
      [
        -4.61824024822695,
        -0.09379761607934398,
        0.06029147966533688
      ],
      [
        -4.173592641843972,
        -0.08922300947473404,
        0.04319546746869459
      ],
      [
        -4.722046764184397,
        -0.1818587932180851,
        -0.01801670696718473
      ],
      [
        -4.036333665780142,
        -0.1217131919049202,
        0.0225797342070451
      ],
      [
        -4.154560062056738,
        -0.17903992132092197,
        -0.032653267501939275
      ],
      [
        -4.313885195035461,
        -0.184246523160461,
        -0.02147482472954067
      ],
      [
        -4.2291389627659575,
        -0.15157496675531915,
        0.011118844891270848
      ],
      [
        -4.5854942375886525,
        -0.32281277703900707,
        -0.1156404102947695
      ],
      [
        -5.160987367021277,
        -0.29362498614804966,
        -0.04606455268589317
      ],
      [
        -6.698221409574468,
        -0.43864624889184395,
        0.02161028706435616
      ],
      [
        -7.726451684397163,
        -0.8962835217198581,
        -0.09973902059785018
      ],
      [
        -8.50886524822695,
        -1.303870234929078,
        0.006423442076283989
      ]
    ]
  },