{
  "n_quant_group": 3,
  "key": {
    "upper_threshold": [
      [
        0.867935505319149,
        0.025662361307347073,
        -0.004305318737706394
      ],
      [
        5.986037234042553,
        0.19029982546542554,
        0.0295574648160461
      ],
      [
        5.408577127659575,
        0.21837253435283688,
        0.049338158140791226
      ],
      [
        5.004571143617022,
        0.1874177540447695,
        0.030677741300975177
      ],
      [
        5.192181959219858,
        0.1186687929410461,
        -0.023466286084330674
      ],
      [
        5.185533023049645,
        0.14478404809397163,
        0.02021922118274878
      ],
      [
        6.214206560283688,
        0.1566040904809397,
        -0.02069470561142509
      ],
      [
        5.8125,
        0.1702127659574468,
        -0.009746866868742814
      ],
      [
        5.666694370567376,
        0.19951137245124115,
        -0.00010088952720587981
      ],
      [
        5.247645168439717,
        0.13430851063829788,
        -0.0156707763671875
      ],
      [
        4.011594082446808,
        0.1443598321143617,
        0.012419325240114902
      ],
      [
        3.849997229609929,
        0.17141009391622342,
        0.0491485595703125
      ],
      [
        3.4845966312056738,
        0.14410963126108156,
        0.026615223986037235
      ],
      [
        3.6529947916666665,
        0.1330401914339539,
        0.009173039848922837
      ],
      [
        3.250817265070922,
        0.08473930629432624,
        -0.02554905668218085
      ],
      [
        3.356424534574468,
        0.1293992928579344,
        0.015923314060725217
      ],
      [
        3.2406083776595747,
        0.08752398118905141,
        -0.02377535772661791
      ],
      [
        3.3250221631205674,
        0.09226957280585106,
        -0.020836991198519443
      ],
      [
        3.3770085328014185,
        0.10648037524933511,
        -0.0074661158500833715
      ],
      [
        3.852836879432624,
        0.15806763561059398,
        0.03252868449434321
      ],
      [
        4.780862145390071,
        0.15386876315935283,
        -0.01729659493087877
      ],
      [
        4.774545656028369,
        0.20308950437721632,
        0.042202780432734927
      ],
      [
        4.852338209219858,
        0.24308787677304963,
        0.019430782778043273
      ],
      [
        3.6378823138297873,
        0.17120924063608156,
        0.037859165922124335
      ]
    ],
    "lower_threshold": [
      [
        -0.8600641345301419,
        -0.03427751689937943,
        -0.004306008629765071
      ],
      [
        -5.994736258865248,
        -0.1323103667996454,
        0.029555949758976064
      ],
      [
        -5.432236258865248,
        -0.11994360524711879,
        0.04933491158992686
      ],
      [
        -5.10796210106383,
        -0.12633887757646275,
        0.030676442680629433
      ],
      [
        -5.311502659574468,
        -0.16553773271276595,
        -0.023468504560754656
      ],
      [
        -5.232130984042553,
        -0.10460127160904255,
        0.020217056815505872
      ],
      [
        -6.4283577127659575,
        -0.19822920129654256,
        -0.020697086415392286
      ],
      [
        -5.972046764184397,
        -0.18958212128767732,
        -0.0097496767416068
      ],
      [
        -5.626108156028369,
        -0.19948713153812056,
        -0.0001039568414079382
      ],
      [
        -5.47905585106383,
        -0.16570135887632978,
        -0.01567329244410738
      ],
      [
        -3.97211602393617,
        -0.11952847960992907,
        0.012416555526408744
      ],
      [
        -3.8267952127659575,
        -0.07298787434895833,
        0.049147260949966756
      ],
      [
        -3.539311835106383,
        -0.09102159865359043,
        0.026613384273880762
      ],
      [
        -3.59233710106383,
        -0.11477769351174645,
        0.009170665808603273
      ],
      [
        -3.22406914893617,
        -0.135723573941711,
        -0.025551545704510195
      ],
      [
        -3.2588929521276597,
        -0.09751037164782801,
        0.015921305257377893
      ],
      [
        -3.3433482934397163,
        -0.13503400653812056,
        -0.023777522093860817
      ],
      [
        -3.3995872118794326,
        -0.1340513838098404,
        -0.020838726919593542
      ],
      [
        -3.4018312278368796,
        -0.12164696226728723,
        -0.007467721370940513
      ],
      [
        -3.7321171320921986,
        -0.0930318629488032,
        0.03252642881785724
      ],
      [
        -4.7382535460992905,
        -0.18782205784574468,
        -0.017298739007178772
      ],
      [
        -4.6180463209219855,
        -0.11886704898049645,
        0.04220067017467309
      ],
      [
        -4.812998670212766,
        -0.20421237810283688,
        0.019428063791694372
      ],
      [
        -3.598612034574468,
        -0.09533388394835993,
        0.03785781319259752
      ]
    ]
  },
  "value": {
    "upper_threshold": [
      [
        0.04840131177969858,
        0.0015566467393374611,
        0.00027355065582491825
      ],
      [
        1.3337004100177305,
        0.031249458908189275,
        6.111167001386061e-05
      ],
      [
        1.46466367464539,
        0.03328894216118129,
        -0.0024920262343494605
      ],
      [
        1.4952418550531914,
        0.041255004017065604,
        0.002327292100757572
      ],
      [
        1.5065519725177305,
        0.04496472947140957,
        0.0028778711954752603
      ],
      [
        1.5453443594858156,
        0.050021989971187945,
        0.0030445384641065664
      ],
      [
        1.4068110039893618,
        0.04074378047429078,
        -0.0011285585714570173
      ],
      [
        1.377521054964539,
        0.04694967066988032,
        0.0042340907644718255
      ],
      [
        1.3407372007978724,
        0.04080308413674645,
        -0.002244749813215107
      ],
      [
        1.4958374889184398,
        0.05038560366799645,
        0.002878793587921359
      ],
      [
        1.6617353723404256,
        0.05251469172484486,
        -0.00020505139168272628
      ],
      [
        1.6388173204787233,
        0.06334064023714539,
        0.007774194081624349
      ],
      [
        1.8462572030141844,
        0.0632698654283023,
        0.0011188379416229033
      ],
      [
        1.7410793439716312,
        0.0653054528202571,
        0.007377022969807293
      ],
      [
        1.846111757535461,
        0.06525220938608156,
        0.0034797889121035313
      ],
      [
        1.7796500997340425,
        0.05755463728667996,
        -0.0012858197198691943
      ],
      [
        1.7849207668439717,
        0.051695478723404256,
        -0.007980168711209127
      ],
      [
        1.7962932180851063,
        0.06145287912788121,
        0.0025232611818516507
      ],
      [
        1.7505540780141844,
        0.05366765015514184,
        -0.005174468595085415
      ],
      [
        1.6359707446808511,
        0.04510714483599291,
        -0.009042058430664928
      ],
      [
        1.5476368572695036,
        0.055003497617464536,
        0.0061789708780058735
      ],
      [
        1.5604706892730495,
        0.0600845661569149,
        0.010027395072558247
      ],
      [
        1.4188968306737588,
        0.054021957072805854,
        0.007175846725490922
      ],
      [
        1.5499916888297873,
        0.04960664789727394,
        -0.0017727165357440922
      ]
    ],