{
  "n_quant_group": 3,
  "key": {
    "upper_threshold": [
      [
        0.6795247395833334,
        0.04590449772828014,
        -0.004305251101230053
      ],
      [
        4.679632092198582,
        0.2977182374778369,
        0.029558330562943262
      ],
      [
        4.15588984929078,
        0.33170399767287234,
        0.04934519233433067
      ],
      [
        3.7942569813829787,
        0.2924544963430851,
        0.030678282392785906
      ],
      [
        3.783133865248227,
        0.2141277773160461,
        -0.02346114571212877
      ],
      [
        3.7910710328014185,
        0.22828447057845744,
        0.0202143243018617
      ],
      [
        5.010749113475177,
        0.2760416666666667,
        -0.02069973776526485
      ],
      [
        4.689799423758865,
        0.29147447085549644,
        -0.009742908866692943
      ],
      [
        4.59942929964539,
        0.3338787538785461,
        -0.00010521192077203846
      ],
      [
        4.0008588209219855,
        0.2347741093195922,
        -0.015667313379598848
      ],
      [
        3.140625,
        0.23273787261746454,
        0.012421252879690616
      ],
      [
        2.9813691267730498,
        0.2533608294547872,
        0.04915137324772828
      ],
      [
        2.736175753546099,
        0.2227661998559397,
        0.026623286254017067
      ],
      [
        2.8581144725177303,
        0.2159545032690603,
        0.00917476035178976
      ],
      [
        2.530211103723404,
        0.15858491938164893,
        -0.02555208679632092
      ],
      [
        2.630970190602837,
        0.20549801224512412,
        0.01591401404522835
      ],
      [
        2.51971132535461,
        0.16202193456338654,
        -0.02377178652066711
      ],
      [
        2.587364250886525,
        0.16800684286347517,
        -0.020840034417226806
      ],
      [
        2.6282829122340425,
        0.18274964677526595,
        -0.007464194128699336
      ],
      [
        3.0226617907801416,
        0.24209313358820922,
        0.032531537485460865
      ],
      [
        3.843639184397163,
        0.26870792470079785,
        -0.01729676402206962
      ],
      [
        3.8002964317375887,
        0.31093299811613473,
        0.042199858536957006
      ],
      [
        4.0381482712765955,
        0.39230454898049644,
        0.019428314046656833
      ],
      [
        2.9275127437943262,
        0.260460819758422,
        0.037856947445700354
      ]
    ],
    "lower_threshold": [
      [
        -0.6829219304078015,
        -0.0543329766456117,
        -0.004305535174430685
      ],
      [
        -4.735150709219858,
        -0.2402482269503546,
        0.029555625103889628
      ],
      [
        -4.194204343971631,
        -0.23349540115248227,
        0.049340755381482714
      ],
      [
        -3.872312721631206,
        -0.23172581449468085,
        0.030676875554078015
      ],
      [
        -3.916832890070922,
        -0.26077162289450356,
        -0.023463147751828457
      ],
      [
        -3.8183039671985815,
        -0.18846617353723405,
        0.020212836299382204
      ],
      [
        -5.204787234042553,
        -0.3177464261968085,
        -0.02070233500595634
      ],
      [
        -4.8134142287234045,
        -0.31041874445921985,
        -0.00974600112184565
      ],
      [
        -4.586048315602837,
        -0.3331792303856383,
        -0.00010842253975834407
      ],
      [
        -4.161624556737588,
        -0.26655567791445034,
        -0.015668882545849954
      ],
      [
        -3.0883061835106385,
        -0.20797058538342197,
        0.012418682693589663
      ],
      [
        -2.9399102393617023,
        -0.15497475482047873,
        0.04914888422539894
      ],
      [
        -2.7513574911347516,
        -0.16999806072695037,
        0.026620797231687723
      ],
      [
        -2.829191600177305,
        -0.19778593888519502,
        0.009173371690384884
      ],
      [
        -2.532094968971631,
        -0.20940079925753546,
        -0.02555365596257203
      ],
      [
        -2.560685394503546,
        -0.17348961796320922,
        0.01591257169737038
      ],
      [
        -2.613350509751773,
        -0.20977393617021275,
        -0.023773680342004656
      ],
      [
        -2.658881870567376,
        -0.2098691683289007,
        -0.020841847920248693
      ],
      [
        -2.672913896276596,
        -0.19831058150487588,
        -0.00746568001753895
      ],
      [
        -2.9224983377659575,
        -0.17731362200797873,
        0.03252938580005727
      ],
      [
        -3.805643284574468,
        -0.3019621287677305,
        -0.017298989262141233
      ],
      [
        -3.691073803191489,
        -0.22689061807402483,
        0.04219682842281693
      ],
      [
        -3.993392619680851,
        -0.352862851839539,
        0.01942471240429168
      ],
      [
        -2.8625193927304964,
        -0.18436339899157803,
        0.03785456664173316
      ]
    ]
  },
  "value": {
    "upper_threshold": [
      [
        0.03591940588984929,
        0.0024213723257078346,
        0.0002735515012808725
      ],
      [
        1.000121204565603,
        0.05241188428080674,
        6.138475228708687e-05
      ],
      [
        1.1188151041666667,
        0.05771912919714096,
        -0.002493036554214802
      ],
      [
        1.1515057070035462,
        0.06783624743738918,
        0.002328397111689791
      ],
      [
        1.1492478390957446,
        0.07350147869570035,
        0.0028784651282831287
      ],
      [
        1.176598515070922,
        0.0816438282635195,
        0.0030478289786805496
      ],
      [
        1.0683732269503545,
        0.06895068013076242,
        -0.001128534475962321
      ],
      [
        1.057347074468085,
        0.07574592752659574,
        0.004234220119232827
      ],
      [
        1.0270701739804964,
        0.06989564286901596,
        -0.002244380771691072
      ],
      [
        1.147440159574468,
        0.08234984485815602,
        0.0028769597939565673
      ],
      [
        1.2705562943262412,
        0.08815164768949468,
        -0.00020447605890585175
      ],
      [
        1.2879889738475176,
        0.10076254986702128,
        0.00777324378913176
      ],
      [
        1.4462890625,
        0.1054851991910461,
        0.0011175422803729985
      ],
      [
        1.359804410460993,
        0.10451642841312057,
        0.007373390045571834
      ],
      [
        1.445859652039007,
        0.1072669063054078,
        0.0034791002882287856
      ],
      [
        1.3879030917553192,
        0.09775191503213652,
        -0.001283819371081413
      ],
      [
        1.3963389295212767,
        0.09269162441821809,
        -0.007979030304766715
      ],
      [
        1.3996564716312057,
        0.10174387397495567,
        0.0025244524292912045
      ],
      [
        1.3711283798758864,
        0.09373874529033688,
        -0.005175161868967908
      ],
      [
        1.266144448138298,
        0.08169620595079788,
        -0.009042317140186933
      ],
      [
        1.1889890846631206,
        0.08784950202238476,
        0.006178311845089527
      ],
      [
        1.2039561170212767,
        0.09377900252105496,
        0.010029644830852535
      ],
      [
        1.1041458887411348,
        0.08555613849179965,
        0.007177682210367622
      ],
      [
        1.1989070811170213,
        0.08424323332225177,
        -0.0017763321281324888
      ]
    ],